ar,produksjon_olje,produksjon_gass,produksjon_ngl,prisbane_olje,prisbane_gass,prisbane_ngl,driftsutgifter,investeringsutgifter,deflator,snks,marginalskattesats,sdoe_andel_olje,sdoe_andel_gass,sdoe_andel_ngl,gassprisgjennomslag,dollarkurs,fat_per_sm3,produksjon_sd_historisk,produksjon_sd_basis,produksjon_sd_hoy,produksjon_sd_lav
1971,,,,,,,,,,,,,,,,,,0.357118,,,
1972,,,,,,,,,,,,,,,,,,1.927020,,,
1973,,,,,,,,,,,,,,,,,,1.869520,,,
1974,,,,,,,,,,,,,,,,,,2.014168,,,
1975,,,,,,,,,,,,,,,,,,10.995331,,,
1976,,,,,,,,,,,,,,,,,,16.226786,,,
1977,,,,,,,,,,,,,,,,,,16.644887,,,
1978,,,,,,,,,,,,,,,,,,20.665088,,,
1979,,,,,,,,,,,,,,,,,,23.599488,,,
1980,,,,,,,,,,,,,,,,,,30.601781,,,
1981,,,,,,,,,,,,,,,,,,48.185097,,,
1982,,,,,,,,,,,,,,,,,,50.081648,,,
1983,,,,,,,,,,,,,,,,,,61.383089,,,
1984,,,,,,,,,,,,,,,,,,69.268332,,,
1985,,,,,,,,,,,,,,,,,,73.187094,,,
1986,,,,,,,,,,,,,,,,,,78.768671,,,
1987,,,,,,,,,,,,,,,,,,89.483387,,,
1988,,,,,,,,,,,,,,,,,,98.145052,,,
1989,,,,,,,,,,,,,,,,,,119.942174,,,
1990,,,,,,,,,,,,,,,,,,125.505174,,,
1991,,,,,,,,,,,,,,,,,,138.898737,,,
1992,,,,,,,,,,,,,,,,,,155.411379,,,
1993,,,,,,,,,,,,,,,,,,163.294376,,,
1994,,,,,,,,,,,,,,,,,,183.626285,,,
1995,,,,,,,,,,,,,,,,,,196.907574,,,
1996,,,,,,,,,,,,,,,,,,226.233152,,,
1997,,,,,,,,,,,,,,,,7.052500,6.289810,233.682405,,,
1998,,,,,,,,,,,,,,,,7.550000,6.289810,228.245916,,,
1999,,,,,,,,,,,,,,,,7.830000,6.289810,229.904289,,,
2000,,,,,,,,,,,,,,,,8.800000,6.289810,244.000289,,,
2001,,,,,,,,,,,0.760000,0.359354,0.406279,0.229054,0.500000,8.982744,6.289810,251.409007,,,
2002,,,,,,,,,,,0.780000,0.322488,0.335724,0.203975,0.500000,7.977494,6.289810,258.078793,,,
2003,,,,,,,,,,,0.780000,0.303602,0.329083,0.188655,0.500000,7.076760,6.289810,261.480877,,,
2004,,,,,,,,,,,0.780000,0.300897,0.315550,0.189153,0.500000,6.737408,6.289810,264.293226,,,
2005,,,,,,,,,,,0.780000,0.289321,0.328003,0.188973,0.500000,6.442478,6.289810,257.809719,,,
2006,,,,,,,,,,,0.780000,0.275297,0.383090,0.221948,0.500000,6.412290,6.289810,249.283958,,,
2007,128.280000,89.510000,19.760000,2673.169250,1570.000000,1814.652568,69.756000,113.990000,0.618829,511.271093,0.780000,0.261927,0.363088,0.202429,0.500000,5.855668,6.289810,237.397434,,,
2008,122.660000,99.460000,20.860000,3497.134360,2220.000000,2521.089109,80.246000,128.928000,0.642586,647.175574,0.780000,0.246209,0.348884,0.191755,0.500000,5.643342,6.289810,240.594723,,,
2009,114.940000,103.680000,21.400000,2459.315710,1670.000000,1763.517306,84.640000,140.826000,0.640302,436.971907,0.780000,0.236906,0.341146,0.221121,0.500000,6.285800,6.289810,235.945878,,,
2010,104.390000,106.530000,19.720000,3050.557850,1590.000000,2199.135740,87.287000,132.408000,0.650803,424.026146,0.780000,0.222244,0.370788,0.233266,0.500000,6.040325,6.289810,228.796466,,,
2011,97.460000,100.300000,20.890000,3912.261820,2000.000000,2796.000000,93.966000,154.043000,0.671348,522.532450,0.780000,0.219577,0.328016,0.229775,0.500000,5.600000,6.289810,218.471304,,,
2012,89.200000,113.060000,22.380000,4088.376500,2210.000000,2896.000000,101.517000,180.511000,0.685240,577.144980,0.780000,0.220852,0.318415,0.241287,0.500000,5.820000,6.289810,224.228234,,,
2013,84.940000,107.050000,21.710000,4019.188590,2310.000000,2814.857143,107.941000,218.980000,0.695278,496.423067,0.780000,0.221333,0.337226,0.221096,0.500000,5.880000,6.289810,213.080086,,,
2014,87.700000,106.800000,21.860000,3943.710870,2050.000000,2352.314815,110.496000,221.804000,0.706557,441.104978,0.780000,0.212087,0.331461,0.256176,0.500000,6.300000,6.289810,214.886504,,,
2015,90.850000,114.920000,22.070000,2710.908110,1920.000000,1629.366516,109.512000,201.658000,0.707395,308.534292,0.780000,0.211337,0.313261,0.235614,0.500000,8.070000,6.289810,226.879556,,,
2016,93.900000,114.650000,22.110000,2383.837990,1400.000000,1482.941176,101.128000,164.890271,0.716319,174.194149,0.780000,0.200213,0.340166,0.235188,0.500000,8.403973,6.289810,230.159619,,,
2017,92.280000,122.370000,22.100000,2842.994120,1650.000000,1912.648243,69.958704,152.162692,0.731578,229.430997,0.780000,0.190724,0.308082,0.217195,0.500000,8.270000,6.289810,236.363086,,,
2018,86.270000,119.890000,21.170000,3666.959230,2200.000000,2249.667297,78.639943,158.646105,0.749447,334.858542,0.780000,0.192419,0.313621,0.231460,0.500000,8.140062,6.289810,226.931169,,,
2019,83.210000,113.120000,19.080000,3547.452840,1570.000000,2119.439036,81.608968,186.147102,0.763029,336.715547,0.780000,0.182428,0.323013,0.240798,0.500000,8.803700,6.289810,213.897170,,,
2020,98.490000,110.110000,18.250000,2559.952670,1130.030756,1565.000820,72.763489,180.691134,0.772441,138.294623,0.780000,0.177092,0.321142,0.230681,0.500000,9.400400,6.289810,226.634567,,,
2021,102.360000,113.080000,15.310000,3830.494290,4607.390985,2189.440254,81.731617,185.647250,0.808730,355.511413,0.780000,0.184268,0.323888,0.224946,0.500000,8.595299,6.289810,231.018566,,,
2022,97.810000,122.850000,12.530000,5981.609310,12048.440219,3997.577784,104.517515,187.065925,0.873451,1471.431878,0.780000,0.182667,0.316534,0.225206,0.500000,9.616189,6.289810,234.015284,,,
2023,104.140000,116.020000,12.990000,5453.265270,5442.839558,3735.532007,110.246056,226.738460,0.909405,1075.500039,0.780000,0.168672,0.313967,0.227075,0.500000,10.563541,6.289810,234.093718,,,
2024,102.886383,124.238752,14.090806,5384.077360,4425.819865,3257.939234,111.903127,262.546460,0.936228,749.987681,0.780000,0.153369,0.306011,0.219201,0.500000,10.750507,6.289810,241.246139,,,
2025,105.189809,118.452075,14.526417,4553.908110,5164.021532,2753.619578,119.155980,292.760327,0.969932,684.187623,0.780000,0.168414,0.319645,0.179740,0.500000,10.403698,6.289810,239.942706,239.942707,239.942707,239.942707
2026,101.045761,120.086121,15.282594,4242.447067,3987.130553,2600.894571,128.119844,282.216811,1.000000,521.305600,0.780000,0.177630,0.326110,0.175262,0.500000,10.113510,6.289810,,238.877177,240.302177,238.877177
2027,96.575067,120.094643,15.416935,4239.107434,3248.859659,2599.982615,132.964125,255.067262,1.021000,399.269710,0.780000,0.169882,0.327524,0.165873,0.500000,10.113510,6.289810,,235.244077,236.531715,235.244077
2028,87.047892,116.166093,15.381716,4262.908945,3317.085711,2612.543238,134.863577,237.923818,1.042441,364.559338,0.780000,0.172289,0.332088,0.145882,0.500000,10.113510,6.289810,,229.036208,231.757067,223.640148
2029,78.845848,110.636271,15.123827,4282.469652,3386.744511,2633.445654,135.112517,238.655658,1.064332,319.538438,0.780000,0.164347,0.329774,0.140907,0.500000,10.113510,6.289810,,216.158247,226.845987,207.129823
2030,73.793909,104.941576,14.458168,4285.279185,2745.987362,2645.408184,127.554464,236.692001,1.085619,257.832520,0.780000,0.163232,0.330031,0.140448,0.500000,10.113510,6.289810,,202.930091,221.436236,188.203128
2031,71.649847,100.130446,12.999657,4488.971132,2763.561523,2770.347573,129.491092,226.631976,1.107331,218.032956,0.780000,0.153058,0.328741,0.160090,0.500000,10.113510,6.289810,,191.833561,217.608757,174.462101
2032,70.715986,93.491734,12.101043,4699.096646,2780.740256,2899.413233,133.767007,221.368267,1.129478,213.264086,0.780000,0.148495,0.338578,0.175216,0.500000,10.113510,6.289810,,182.556415,212.772204,159.599551
2033,69.386447,89.335085,10.703649,4915.831591,2797.500713,3040.510039,136.149427,222.651897,1.152067,208.501366,0.780000,0.148451,0.337406,0.176904,0.500000,10.113510,6.289810,,174.952320,207.779513,147.825433
2034,69.474901,86.735573,9.544207,5139.356296,2813.819293,3183.880437,138.314608,216.033168,1.175109,206.793584,0.780000,0.148060,0.330765,0.163322,0.500000,10.113510,6.289810,,167.790441,203.616065,138.868192
2035,69.035837,84.333942,8.406485,5369.865773,2829.671616,3342.822359,139.839072,209.372992,1.198611,211.483094,0.780000,0.140204,0.313070,0.153333,0.500000,10.113510,6.289810,,161.146144,199.290881,127.832017
2036,67.882734,82.153770,7.625225,5477.263089,2845.032503,3439.188636,137.414161,207.078425,1.222583,208.280456,0.780000,0.139206,0.302679,0.164293,0.500000,10.113510,6.289810,,153.188585,194.801864,115.568972
2037,66.422217,78.840470,6.550118,5586.808351,2859.875958,3541.322974,137.538024,208.281182,1.247035,200.053189,0.780000,0.137187,0.293067,0.183847,0.500000,10.113510,6.289810,,145.279527,191.534043,100.285779
2038,63.920650,73.883116,5.522216,5698.544518,2874.175137,3653.220720,137.766469,212.270365,1.271976,180.770427,0.780000,0.137449,0.282167,0.204775,0.500000,10.113510,6.289810,,137.397258,188.396168,87.312197
2039,61.744995,68.539687,4.885432,5812.515408,2887.902334,3746.166046,135.372299,212.384474,1.297415,161.262357,0.780000,0.137078,0.269991,0.215645,0.500000,10.113510,6.289810,,128.543555,185.284756,77.004271
2040,59.765761,64.692186,4.419217,5928.765716,2901.030835,3827.332906,136.063858,212.290331,1.323363,148.036845,0.780000,0.135209,0.263566,0.224120,0.500000,10.113510,6.289810,,123.030664,182.125349,67.380391
2041,58.160948,61.229098,3.910615,6047.341030,2959.051452,3847.415513,137.430470,214.218098,1.349831,135.984610,0.780000,0.125760,0.246809,0.244507,0.500000,10.113510,6.289810,,118.304848,179.210411,59.176217
2042,56.304565,58.607326,3.513866,6168.287851,3018.232481,3955.367081,138.849856,214.173787,1.376827,129.382430,0.780000,0.122063,0.239400,0.266051,0.500000,10.113510,6.289810,,115.005087,176.620318,52.781483
2043,54.580720,55.862340,3.159164,6291.653608,3078.597131,4083.754280,138.989890,214.093961,1.404364,117.220894,0.780000,0.118948,0.230497,0.282327,0.500000,10.113510,6.289810,,111.823683,174.103833,47.681744
2044,53.233861,52.787278,2.746785,6417.486680,3140.169073,4238.776899,139.621977,211.584547,1.432451,112.786593,0.780000,0.115080,0.224417,0.304443,0.500000,10.113510,6.289810,,108.659966,171.674845,43.094026
2045,51.418463,50.282890,2.473721,6545.836414,3202.972455,4361.071851,141.629313,209.977876,1.461100,104.075752,0.780000,0.110909,0.211650,0.320125,0.500000,10.113510,6.289810,,105.569424,169.547245,37.846860
2046,49.851933,48.339968,2.048744,6676.753142,3267.031904,4546.295841,139.018680,207.717594,1.490322,98.640753,0.780000,0.109127,0.195370,0.365312,0.500000,10.113510,6.289810,,103.312995,167.336448,32.595459
2047,48.074596,46.446473,1.917343,6810.288205,3332.372542,4697.680524,143.034329,206.169030,1.520129,92.304427,0.780000,0.106238,0.181994,0.355552,0.500000,10.113510,6.289810,,101.212065,165.149503,28.719846
2048,46.791757,44.699381,1.477336,6946.493969,3399.019993,4930.958298,140.660418,204.554089,1.550531,88.870327,0.780000,0.104140,0.169917,0.433376,0.500000,10.113510,6.289810,,99.127922,163.822057,25.194774
2049,45.026559,43.293509,1.147230,7085.423848,3467.000393,5138.086904,138.057437,204.623888,1.581542,84.316179,0.780000,0.108926,0.155709,0.509229,0.500000,10.113510,6.289810,,95.477989,161.331536,20.536637
2050,43.367769,41.648786,0.955302,7227.132325,3536.340401,5167.500828,133.479395,201.114295,1.613173,78.613878,0.780000,0.108455,0.137271,0.521632,0.500000,10.113510,6.289810,,91.799851,157.784624,16.533382
2051,42.037652,40.118690,0.781019,7371.674972,3607.067209,5209.774708,132.009171,195.607282,1.645436,78.443514,0.780000,0.100550,0.118931,0.557418,0.500000,10.113510,6.289810,,,,
2052,40.516113,38.369959,0.534120,7519.108471,3679.208553,5366.153193,130.442642,195.274004,1.678345,75.323263,0.780000,0.101597,0.110184,0.740919,0.500000,10.113510,6.289810,,,,
2053,39.141345,36.903521,0.425130,7669.490641,3752.792724,5406.925316,132.057869,194.835764,1.711912,69.327878,0.780000,0.100533,0.106852,0.807027,0.500000,10.113510,6.289810,,,,
2054,37.644953,35.812746,0.304692,7822.880454,3827.848578,5430.837365,134.705033,194.661722,1.746150,64.011778,0.780000,0.102035,0.106480,0.952920,0.500000,10.113510,6.289810,,,,
2055,36.054581,35.209139,0.208676,7979.338063,3904.405550,5402.436985,131.320925,192.836777,1.781073,60.477833,0.780000,0.102154,0.106135,1.180607,0.500000,10.113510,6.289810,,,,
2056,34.609853,34.416162,0.139976,8138.924824,3982.493661,5473.332421,122.164582,190.452673,1.816694,60.227794,0.780000,0.103302,0.105534,1.325257,0.500000,10.113510,6.289810,,,,
2057,33.132616,33.891619,0.076948,8301.703320,4062.143534,4816.644452,122.782110,187.348795,1.853028,59.502505,0.780000,0.104003,0.104184,1.770069,0.500000,10.113510,6.289810,,,,
2058,31.356615,33.466268,0.072523,8467.737387,4143.386405,4912.977341,123.765597,186.573940,1.890089,57.053752,0.780000,0.106203,0.101753,1.090132,0.500000,10.113510,6.289810,,,,
2059,29.729547,32.995546,0.067571,8637.092134,4226.254133,5011.236888,121.720113,183.274443,1.927891,53.303769,0.780000,0.108161,0.100291,0.381939,0.500000,10.113510,6.289810,,,,
2060,28.071747,32.602377,0.046982,8809.833977,4310.779216,5111.461625,121.581518,181.098333,1.966448,50.871226,0.780000,0.110787,0.098386,0.000000,0.500000,10.113510,6.289810,,,,
2061,28.071747,32.602377,0.046982,8986.030657,4396.994800,5213.690858,125.997359,185.643902,2.005777,48.753409,0.780000,0.163232,0.330031,0.140448,0.500000,10.113510,6.289810,,,,
2062,28.071747,32.602377,0.046982,9165.751270,4484.934696,5317.964675,130.573583,190.303564,2.045893,46.643714,0.780000,0.163232,0.330031,0.140448,0.500000,10.113510,6.289810,,,,
2063,28.071747,32.602377,0.046982,9349.066295,4574.633390,5424.323968,135.316016,195.080183,2.086811,44.542383,0.780000,0.163232,0.330031,0.140448,0.500000,10.113510,6.289810,,,,
2064,28.071747,32.602377,0.046982,9536.047621,4666.126058,5532.810448,140.230693,199.976696,2.128547,42.449663,0.780000,0.163232,0.330031,0.140448,0.500000,10.113510,6.289810,,,,
2065,28.071747,32.602377,0.046982,9726.768574,4759.448579,5643.466657,145.323872,204.996111,2.171118,40.365808,0.780000,0.163232,0.330031,0.140448,0.500000,10.113510,6.289810,,,,
2066,28.071747,32.602377,0.046982,9921.303945,4854.637550,5756.335990,150.602035,210.141513,2.214540,38.291078,0.780000,0.163232,0.330031,0.140448,0.500000,10.113510,6.289810,,,,
2067,28.071747,32.602377,0.046982,10119.730024,4951.730301,5871.462710,156.071901,215.416065,2.258831,36.225739,0.780000,0.163232,0.330031,0.140448,0.500000,10.113510,6.289810,,,,
2068,28.071747,32.602377,0.046982,10322.124624,5050.764907,5988.891964,161.740432,220.823008,2.304008,34.170065,0.780000,0.163232,0.330031,0.140448,0.500000,10.113510,6.289810,,,,
2069,28.071747,32.602377,0.046982,10528.567117,5151.780206,6108.669803,167.614845,226.365666,2.350088,32.124334,0.780000,0.163232,0.330031,0.140448,0.500000,10.113510,6.289810,,,,
2070,28.071747,32.602377,0.046982,10739.138459,5254.815810,6230.843199,173.702616,232.047444,2.397090,30.088833,0.780000,0.163232,0.330031,0.140448,0.500000,10.113510,6.289810,,,,
2071,28.071747,32.602377,0.046982,10953.921228,5359.912126,6355.460063,180.011495,237.871835,2.445031,28.063855,0.780000,0.163232,0.330031,0.140448,0.500000,10.113510,6.289810,,,,
2072,28.071747,32.602377,0.046982,11172.999653,5467.110368,6482.569264,186.549513,243.842418,2.493932,26.049700,0.780000,0.163232,0.330031,0.140448,0.500000,10.113510,6.289810,,,,
2073,28.071747,32.602377,0.046982,11396.459646,5576.452576,6612.220650,193.324991,249.962863,2.543811,24.046676,0.780000,0.163232,0.330031,0.140448,0.500000,10.113510,6.289810,,,,
2074,28.071747,32.602377,0.046982,11624.388839,5687.981627,6744.465063,200.346555,256.236930,2.594687,22.055098,0.780000,0.163232,0.330031,0.140448,0.500000,10.113510,6.289810,,,,
2075,28.071747,32.602377,0.046982,11856.876616,5801.741260,6879.354364,207.623141,262.668477,2.646581,20.075288,0.780000,0.163232,0.330031,0.140448,0.500000,10.113510,6.289810,,,,
2076,28.071747,32.602377,0.046982,12094.014148,5917.776085,7016.941451,215.164014,269.261456,2.699512,18.107576,0.780000,0.163232,0.330031,0.140448,0.500000,10.113510,6.289810,,,,
2077,28.071747,32.602377,0.046982,12335.894431,6036.131607,7157.280280,222.978771,276.019919,2.753502,16.152300,0.780000,0.163232,0.330031,0.140448,0.500000,10.113510,6.289810,,,,
2078,28.071747,32.602377,0.046982,12582.612320,6156.854239,7300.425886,231.077360,282.948019,2.808573,14.209806,0.780000,0.163232,0.330031,0.140448,0.500000,10.113510,6.289810,,,,
2079,28.071747,32.602377,0.046982,12834.264566,6279.991324,7446.434404,239.470090,290.050014,2.864744,12.280449,0.780000,0.163232,0.330031,0.140448,0.500000,10.113510,6.289810,,,,
2080,28.071747,32.602377,0.046982,13090.949857,6405.591150,7595.363092,248.167643,297.330269,2.922039,10.364592,0.780000,0.163232,0.330031,0.140448,0.500000,10.113510,6.289810,,,,
2081,28.071747,32.602377,0.046982,13352.768855,6533.702973,7747.270354,257.181092,304.793259,2.980480,8.462605,0.780000,0.163232,0.330031,0.140448,0.500000,10.113510,6.289810,,,,
2082,28.071747,32.602377,0.046982,13619.824232,6664.377033,7902.215761,266.521909,312.443570,3.040089,6.574869,0.780000,0.163232,0.330031,0.140448,0.500000,10.113510,6.289810,,,,
2083,28.071747,32.602377,0.046982,13892.220716,6797.664573,8060.260076,276.201985,320.285903,3.100891,4.701774,0.780000,0.163232,0.330031,0.140448,0.500000,10.113510,6.289810,,,,
2084,28.071747,32.602377,0.046982,14170.065131,6933.617865,8221.465277,286.233641,328.325080,3.162909,2.843717,0.780000,0.163232,0.330031,0.140448,0.500000,10.113510,6.289810,,,,
2085,28.071747,32.602377,0.046982,14453.466433,7072.290222,8385.894583,296.629647,336.566039,3.226167,1.001106,0.780000,0.163232,0.330031,0.140448,0.500000,10.113510,6.289810,,,,
2086,28.071747,32.602377,0.046982,14742.535762,7213.736026,8553.612475,307.403236,345.013847,3.290690,-0.825640,0.780000,0.163232,0.330031,0.140448,0.500000,10.113510,6.289810,,,,
2087,28.071747,32.602377,0.046982,15037.386477,7358.010747,8724.684724,318.568121,353.673694,3.356504,-2.636097,0.780000,0.163232,0.330031,0.140448,0.500000,10.113510,6.289810,,,,
2088,28.071747,32.602377,0.046982,15338.134207,7505.170962,8899.178419,330.138516,362.550904,3.423634,-4.429825,0.780000,0.163232,0.330031,0.140448,0.500000,10.113510,6.289810,,,,
2089,28.071747,32.602377,0.046982,15644.896891,7655.274381,9077.161987,342.129146,371.650932,3.492107,-6.206378,0.780000,0.163232,0.330031,0.140448,0.500000,10.113510,6.289810,,,,
2090,28.071747,32.602377,0.046982,15957.794829,7808.379869,9258.705227,354.555277,380.979370,3.561949,-7.965299,0.780000,0.163232,0.330031,0.140448,0.500000,10.113510,6.289810,,,,
